employee_id,work_mode,productivity_score,program_participation,stress_score
1,in_office,79.38,yes,62.22
2,in_office,82.14,yes,63.87
3,in_office,78.07,yes,55.37
4,remote,82.27,no,64.52
5,in_office,76.68,no,39.07
6,in_office,91.6,no,56.8
7,remote,78.13,yes,58.74
8,remote,70.71,no,55.02
9,in_office,72.65,no,78.06
10,in_office,80.41,no,53.56
11,in_office,76.88,no,61.48
12,in_office,81.57,yes,60.65
13,in_office,80.37,yes,67.21
14,in_office,77.64,no,53.51
15,remote,70.77,yes,65.82
16,in_office,70.43,yes,60.05
17,in_office,75.77,no,57.15
18,remote,79.28,no,68.7
19,remote,76.07,yes,61
20,remote,68.77,no,60.2
21,remote,75.87,yes,60.35
22,in_office,79.93,no,61.92
23,in_office,73.58,yes,60.57
24,in_office,78.77,no,70.3
25,in_office,78.29,yes,67.93
26,in_office,72.29,yes,53.81
27,in_office,79.79,yes,70.67
28,remote,77.8,no,49.38
29,in_office,83.42,yes,59.24
30,remote,80.27,yes,62.94
31,remote,68.11,no,67.25
32,in_office,73.31,no,60.02
33,remote,77.58,yes,58.96
34,in_office,80.57,yes,57.53
35,remote,77.58,no,60.29
36,in_office,97.26,no,71.8
37,remote,77.85,no,67.86
38,in_office,83.68,no,59.46
39,in_office,82.77,no,72.2
40,in_office,81.26,yes,61.54
41,in_office,76.42,no,71.5
42,in_office,81.79,yes,63.15
43,remote,71.14,yes,55.86
44,remote,73.82,yes,57.2
45,remote,72.57,no,70.98
46,in_office,78.41,yes,63.05
47,remote,86.57,yes,59.9
48,in_office,68.66,no,65.94
49,in_office,81.43,yes,66.39
50,remote,66.94,yes,57.04
51,remote,72.64,no,69.38
52,in_office,83.44,yes,58.99
53,remote,75.32,yes,58.91
54,in_office,72.61,yes,65.49
55,in_office,74.42,no,71.6
56,in_office,81.4,no,71.51
57,in_office,74.35,no,75.44
58,in_office,79.08,yes,60.11
59,remote,75.23,yes,63.41
60,remote,71.74,no,62.52
