{
    "dataset": {
        "id": "8fa85288bf68525f",
        "name": "insurance_data.csv",
        "created_at": "2025-12-21T17:27:41+01:00"
    },
    "generated_at": "2025-12-24T02:15:19+01:00",
    "max_rows": 50000,
    "summary": {
        "columns": [
            "index",
            "PatientID",
            "age",
            "gender",
            "bmi",
            "bloodpressure",
            "diabetic",
            "children",
            "smoker",
            "region",
            "claim"
        ],
        "types": {
            "index": "numeric",
            "PatientID": "numeric",
            "age": "numeric",
            "gender": "categorical",
            "bmi": "numeric",
            "bloodpressure": "numeric",
            "diabetic": "categorical",
            "children": "numeric",
            "smoker": "categorical",
            "region": "categorical",
            "claim": "numeric"
        },
        "max_rows_used": 50000,
        "stats": {
            "index": {
                "type": "numeric",
                "count": 1332,
                "missing": 0,
                "mean": 673.4744744744745,
                "std": 384.70378520781054,
                "min": 0,
                "q1": 340.75,
                "median": 673.5,
                "q3": 1006.25,
                "max": 1339
            },
            "PatientID": {
                "type": "numeric",
                "count": 1332,
                "missing": 0,
                "mean": 674.4744744744745,
                "std": 384.70378520781054,
                "min": 1,
                "q1": 341.75,
                "median": 674.5,
                "q3": 1007.25,
                "max": 1340
            },
            "age": {
                "type": "numeric",
                "count": 1332,
                "missing": 0,
                "mean": 38.08633633633634,
                "std": 11.112804269119355,
                "min": 18,
                "q1": 29,
                "median": 38,
                "q3": 47,
                "max": 60
            },
            "gender": {
                "type": "categorical",
                "count": 1332,
                "missing": 0,
                "unique": 2,
                "top": {
                    "Male": 670,
                    "Female": 662
                }
            },
            "bmi": {
                "type": "numeric",
                "count": 1332,
                "missing": 0,
                "mean": 30.658333333333307,
                "std": 6.118966922475319,
                "min": 16,
                "q1": 26.2,
                "median": 30.35,
                "q3": 34.725,
                "max": 53.1
            },
            "bloodpressure": {
                "type": "numeric",
                "count": 1332,
                "missing": 0,
                "mean": 94.1891891891892,
                "std": 11.445172746920651,
                "min": 80,
                "q1": 86,
                "median": 92,
                "q3": 99,
                "max": 140
            },
            "diabetic": {
                "type": "categorical",
                "count": 1332,
                "missing": 0,
                "unique": 2,
                "top": {
                    "No": 695,
                    "Yes": 637
                }
            },
            "children": {
                "type": "numeric",
                "count": 1332,
                "missing": 0,
                "mean": 1.09984984984985,
                "std": 1.2059581517777438,
                "min": 0,
                "q1": 0,
                "median": 1,
                "q3": 2,
                "max": 5
            },
            "smoker": {
                "type": "categorical",
                "count": 1332,
                "missing": 0,
                "unique": 2,
                "top": {
                    "No": 1058,
                    "Yes": 274
                }
            },
            "region": {
                "type": "categorical",
                "count": 1332,
                "missing": 0,
                "unique": 4,
                "top": {
                    "southeast": 442,
                    "northwest": 345,
                    "southwest": 314,
                    "northeast": 231
                }
            },
            "claim": {
                "type": "numeric",
                "count": 1332,
                "missing": 0,
                "mean": 13325.246426426416,
                "std": 12109.62071226734,
                "min": 1121.87,
                "q1": 4760.1575,
                "median": 9412.965,
                "q3": 16781.3275,
                "max": 63770.43
            }
        }
    },
    "correlation": {
        "cols": [
            "index",
            "PatientID",
            "age",
            "bmi",
            "bloodpressure",
            "children",
            "claim"
        ],
        "matrix": [
            [
                1,
                1,
                -0.008704876905767354,
                0.11930596995786764,
                0.4507594739164878,
                0.120135920121813,
                0.8793922872856071
            ],
            [
                1,
                1,
                -0.008704876905767354,
                0.11930596995785483,
                0.4507594739164878,
                0.120135920121813,
                0.8793922872856096
            ],
            [
                -0.008704876905767354,
                -0.008704876905767354,
                1,
                -0.04215175533930027,
                -0.06032209117373299,
                -0.02620786336977381,
                -0.02863638991243348
            ],
            [
                0.11930596995786764,
                0.11930596995785483,
                -0.04215175533930027,
                1,
                0.1449769550957227,
                0.013718717607689373,
                0.19994510599944212
            ],
            [
                0.4507594739164878,
                0.4507594739164878,
                -0.06032209117373299,
                0.1449769550957227,
                1,
                -0.03435645219345011,
                0.5312634363168777
            ],
            [
                0.120135920121813,
                0.120135920121813,
                -0.02620786336977381,
                0.013718717607689373,
                -0.03435645219345011,
                1,
                0.06414853033150739
            ],
            [
                0.8793922872856071,
                0.8793922872856096,
                -0.02863638991243348,
                0.19994510599944212,
                0.5312634363168777,
                0.06414853033150739,
                1
            ]
        ]
    },
    "missing": {
        "index": {
            "missing": 0,
            "total": 1332,
            "pct": 0
        },
        "PatientID": {
            "missing": 0,
            "total": 1332,
            "pct": 0
        },
        "age": {
            "missing": 0,
            "total": 1332,
            "pct": 0
        },
        "gender": {
            "missing": 0,
            "total": 1332,
            "pct": 0
        },
        "bmi": {
            "missing": 0,
            "total": 1332,
            "pct": 0
        },
        "bloodpressure": {
            "missing": 0,
            "total": 1332,
            "pct": 0
        },
        "diabetic": {
            "missing": 0,
            "total": 1332,
            "pct": 0
        },
        "children": {
            "missing": 0,
            "total": 1332,
            "pct": 0
        },
        "smoker": {
            "missing": 0,
            "total": 1332,
            "pct": 0
        },
        "region": {
            "missing": 0,
            "total": 1332,
            "pct": 0
        },
        "claim": {
            "missing": 0,
            "total": 1332,
            "pct": 0
        }
    },
    "outliers": {
        "index": {
            "n": 1332,
            "q1": 340.75,
            "q3": 1006.25,
            "iqr": 665.5,
            "low_fence": -657.5,
            "high_fence": 2004.5,
            "mean": 673.4744744744745,
            "std": 384.70378520781054,
            "iqr_outliers": 0,
            "z_outliers": 0
        },
        "PatientID": {
            "n": 1332,
            "q1": 341.75,
            "q3": 1007.25,
            "iqr": 665.5,
            "low_fence": -656.5,
            "high_fence": 2005.5,
            "mean": 674.4744744744745,
            "std": 384.70378520781054,
            "iqr_outliers": 0,
            "z_outliers": 0
        },
        "age": {
            "n": 1332,
            "q1": 29,
            "q3": 47,
            "iqr": 18,
            "low_fence": 2,
            "high_fence": 74,
            "mean": 38.08633633633634,
            "std": 11.112804269119355,
            "iqr_outliers": 0,
            "z_outliers": 0
        },
        "bmi": {
            "n": 1332,
            "q1": 26.2,
            "q3": 34.725,
            "iqr": 8.525000000000002,
            "low_fence": 13.412499999999996,
            "high_fence": 47.5125,
            "mean": 30.658333333333307,
            "std": 6.118966922475319,
            "iqr_outliers": 7,
            "z_outliers": 4
        },
        "bloodpressure": {
            "n": 1332,
            "q1": 86,
            "q3": 99,
            "iqr": 13,
            "low_fence": 66.5,
            "high_fence": 118.5,
            "mean": 94.1891891891892,
            "std": 11.445172746920651,
            "iqr_outliers": 62,
            "z_outliers": 32
        },
        "children": {
            "n": 1332,
            "q1": 0,
            "q3": 2,
            "iqr": 2,
            "low_fence": -3,
            "high_fence": 5,
            "mean": 1.09984984984985,
            "std": 1.2059581517777438,
            "iqr_outliers": 0,
            "z_outliers": 18
        },
        "claim": {
            "n": 1332,
            "q1": 4760.1575,
            "q3": 16781.3275,
            "iqr": 12021.169999999998,
            "low_fence": -13271.597499999996,
            "high_fence": 34813.0825,
            "mean": 13325.246426426416,
            "std": 12109.62071226734,
            "iqr_outliers": 135,
            "z_outliers": 7
        }
    },
    "charts": [
        {
            "title": "Regression: Residuals vs Fitted",
            "path": "charts\/8fa85288bf68525f_20251224_021519_0.png"
        },
        {
            "title": "Regression: Q-Q Plot",
            "path": "charts\/8fa85288bf68525f_20251224_021519_1.png"
        },
        {
            "title": "Regression: Cook's Distance",
            "path": "charts\/8fa85288bf68525f_20251224_021519_2.png"
        },
        {
            "title": "Regression: Residuals vs Fitted",
            "path": "charts\/8fa85288bf68525f_20251224_021519_3.png"
        },
        {
            "title": "Regression: Q\u2013Q Plot",
            "path": "charts\/8fa85288bf68525f_20251224_021519_4.png"
        },
        {
            "title": "Regression: Cook\u2019s Distance",
            "path": "charts\/8fa85288bf68525f_20251224_021519_5.png"
        },
        {
            "title": "Regression: Residuals vs Fitted",
            "path": "charts\/8fa85288bf68525f_20251224_021519_6.png"
        },
        {
            "title": "Regression: Q\u2013Q Plot",
            "path": "charts\/8fa85288bf68525f_20251224_021519_7.png"
        },
        {
            "title": "Regression: Cook\u2019s Distance",
            "path": "charts\/8fa85288bf68525f_20251224_021519_8.png"
        },
        {
            "title": "Regression: Residuals vs Fitted",
            "path": "charts\/8fa85288bf68525f_20251224_021519_9.png"
        },
        {
            "title": "Regression: Q\u2013Q Plot",
            "path": "charts\/8fa85288bf68525f_20251224_021519_10.png"
        },
        {
            "title": "Regression: Cook\u2019s Distance",
            "path": "charts\/8fa85288bf68525f_20251224_021519_11.png"
        },
        {
            "title": "Regression: Residuals vs Fitted",
            "path": "charts\/8fa85288bf68525f_20251224_021519_12.png"
        },
        {
            "title": "Regression: Q\u2013Q Plot",
            "path": "charts\/8fa85288bf68525f_20251224_021519_13.png"
        },
        {
            "title": "Regression: Cook\u2019s Distance",
            "path": "charts\/8fa85288bf68525f_20251224_021519_14.png"
        }
    ],
    "regression": {
        "y": "age",
        "x": [
            "bmi"
        ],
        "regression_stats": {
            "multiple_r": 0.042151755339345474,
            "r2": 0.0017767704781880397,
            "adj_r2": 0.0010262266965926914,
            "std_error": 11.107100677241707,
            "observations": 1332
        },
        "anova": {
            "df_reg": 1,
            "df_res": 1330,
            "df_tot": 1331,
            "ssr": 292.0496669918648,
            "sse": 164079.02165432964,
            "sst": 164371.0713213215,
            "msr": 292.0496669918648,
            "mse": 123.36768545438319,
            "f": 2.367310904117221
        },
        "coefficients": [
            {
                "name": "Intercept",
                "coef": 40.43331837626465,
                "se": 1.5554568874602468,
                "t": 25.994496345240567,
                "p": 0,
                "lo": 37.38467889733779,
                "hi": 43.48195785519151
            },
            {
                "name": "bmi",
                "coef": -0.07655282543935371,
                "se": 0.04975463850181694,
                "t": -1.5386068062087952,
                "p": 0.12390032844071941,
                "lo": -0.1740701249667248,
                "hi": 0.020964474088017396
            }
        ],
        "note": ""
    }
}