{
    "dataset": {
        "id": "de0794ee9f8cf86d",
        "name": "employee_data.csv",
        "created_at": "2025-12-21T07:27:04+01:00"
    },
    "generated_at": "2025-12-21T09:59:15+01:00",
    "max_rows": 50000,
    "summary": {
        "columns": [
            "employee_id",
            "work_mode",
            "productivity_score",
            "program_participation",
            "stress_score"
        ],
        "types": {
            "employee_id": "numeric",
            "work_mode": "categorical",
            "productivity_score": "numeric",
            "program_participation": "categorical",
            "stress_score": "numeric"
        },
        "max_rows_used": 50000,
        "stats": {
            "employee_id": {
                "type": "numeric",
                "count": 60,
                "missing": 0,
                "mean": 30.5,
                "std": 17.46424919657298,
                "min": 1,
                "q1": 15.75,
                "median": 30.5,
                "q3": 45.25,
                "max": 60
            },
            "work_mode": {
                "type": "categorical",
                "count": 60,
                "missing": 0,
                "unique": 2,
                "top": {
                    "in_office": 37,
                    "remote": 23
                }
            },
            "productivity_score": {
                "type": "numeric",
                "count": 60,
                "missing": 0,
                "mean": 77.45916666666668,
                "std": 5.472904069577893,
                "min": 66.94,
                "q1": 73.5125,
                "median": 77.72,
                "q3": 80.44999999999999,
                "max": 97.26
            },
            "program_participation": {
                "type": "categorical",
                "count": 60,
                "missing": 0,
                "unique": 2,
                "top": {
                    "yes": 31,
                    "no": 29
                }
            },
            "stress_score": {
                "type": "numeric",
                "count": 60,
                "missing": 0,
                "mean": 62.423166666666674,
                "std": 6.705087744889447,
                "min": 39.07,
                "q1": 58.9475,
                "median": 61.51,
                "q3": 67.22,
                "max": 78.06
            }
        }
    },
    "correlation": {
        "cols": [
            "employee_id",
            "productivity_score",
            "stress_score"
        ],
        "matrix": [
            [
                1,
                -0.12246265269656721,
                0.300179042310325
            ],
            [
                -0.12246265269656721,
                1,
                0.047053260283289676
            ],
            [
                0.300179042310325,
                0.047053260283289676,
                1
            ]
        ]
    },
    "missing": {
        "employee_id": {
            "missing": 0,
            "total": 60,
            "pct": 0
        },
        "work_mode": {
            "missing": 0,
            "total": 60,
            "pct": 0
        },
        "productivity_score": {
            "missing": 0,
            "total": 60,
            "pct": 0
        },
        "program_participation": {
            "missing": 0,
            "total": 60,
            "pct": 0
        },
        "stress_score": {
            "missing": 0,
            "total": 60,
            "pct": 0
        }
    },
    "outliers": {
        "employee_id": {
            "n": 60,
            "q1": 15.75,
            "q3": 45.25,
            "iqr": 29.5,
            "low_fence": -28.5,
            "high_fence": 89.5,
            "mean": 30.5,
            "std": 17.46424919657298,
            "iqr_outliers": 0,
            "z_outliers": 0
        },
        "productivity_score": {
            "n": 60,
            "q1": 73.5125,
            "q3": 80.44999999999999,
            "iqr": 6.937499999999986,
            "low_fence": 63.106250000000024,
            "high_fence": 90.85624999999996,
            "mean": 77.45916666666668,
            "std": 5.472904069577893,
            "iqr_outliers": 2,
            "z_outliers": 1
        },
        "stress_score": {
            "n": 60,
            "q1": 58.9475,
            "q3": 67.22,
            "iqr": 8.2725,
            "low_fence": 46.53874999999999,
            "high_fence": 79.62875,
            "mean": 62.423166666666674,
            "std": 6.705087744889447,
            "iqr_outliers": 1,
            "z_outliers": 1
        }
    }
}