{
    "columns": [
        "index",
        "PatientID",
        "age",
        "gender",
        "bmi",
        "bloodpressure",
        "diabetic",
        "children",
        "smoker",
        "region",
        "claim"
    ],
    "types": {
        "index": "numeric",
        "PatientID": "numeric",
        "age": "numeric",
        "gender": "categorical",
        "bmi": "numeric",
        "bloodpressure": "numeric",
        "diabetic": "categorical",
        "children": "numeric",
        "smoker": "categorical",
        "region": "categorical",
        "claim": "numeric"
    },
    "max_rows_used": 20000,
    "stats": {
        "index": {
            "type": "numeric",
            "count": 1332,
            "missing": 0,
            "mean": 673.4744744744745,
            "std": 384.70378520781054,
            "min": 0,
            "q1": 340.75,
            "median": 673.5,
            "q3": 1006.25,
            "max": 1339
        },
        "PatientID": {
            "type": "numeric",
            "count": 1332,
            "missing": 0,
            "mean": 674.4744744744745,
            "std": 384.70378520781054,
            "min": 1,
            "q1": 341.75,
            "median": 674.5,
            "q3": 1007.25,
            "max": 1340
        },
        "age": {
            "type": "numeric",
            "count": 1332,
            "missing": 0,
            "mean": 38.08633633633634,
            "std": 11.112804269119355,
            "min": 18,
            "q1": 29,
            "median": 38,
            "q3": 47,
            "max": 60
        },
        "gender": {
            "type": "categorical",
            "count": 1332,
            "missing": 0,
            "unique": 2,
            "top": {
                "Male": 670,
                "Female": 662
            }
        },
        "bmi": {
            "type": "numeric",
            "count": 1332,
            "missing": 0,
            "mean": 30.658333333333307,
            "std": 6.118966922475319,
            "min": 16,
            "q1": 26.2,
            "median": 30.35,
            "q3": 34.725,
            "max": 53.1
        },
        "bloodpressure": {
            "type": "numeric",
            "count": 1332,
            "missing": 0,
            "mean": 94.1891891891892,
            "std": 11.445172746920651,
            "min": 80,
            "q1": 86,
            "median": 92,
            "q3": 99,
            "max": 140
        },
        "diabetic": {
            "type": "categorical",
            "count": 1332,
            "missing": 0,
            "unique": 2,
            "top": {
                "No": 695,
                "Yes": 637
            }
        },
        "children": {
            "type": "numeric",
            "count": 1332,
            "missing": 0,
            "mean": 1.09984984984985,
            "std": 1.2059581517777438,
            "min": 0,
            "q1": 0,
            "median": 1,
            "q3": 2,
            "max": 5
        },
        "smoker": {
            "type": "categorical",
            "count": 1332,
            "missing": 0,
            "unique": 2,
            "top": {
                "No": 1058,
                "Yes": 274
            }
        },
        "region": {
            "type": "categorical",
            "count": 1332,
            "missing": 0,
            "unique": 4,
            "top": {
                "southeast": 442,
                "northwest": 345,
                "southwest": 314,
                "northeast": 231
            }
        },
        "claim": {
            "type": "numeric",
            "count": 1332,
            "missing": 0,
            "mean": 13325.246426426416,
            "std": 12109.62071226734,
            "min": 1121.87,
            "q1": 4760.1575,
            "median": 9412.965,
            "q3": 16781.3275,
            "max": 63770.43
        }
    }
}