{
    "columns": [
        "employee_id",
        "work_mode",
        "productivity_score",
        "program_participation",
        "stress_score"
    ],
    "types": {
        "employee_id": "numeric",
        "work_mode": "categorical",
        "productivity_score": "numeric",
        "program_participation": "categorical",
        "stress_score": "numeric"
    },
    "max_rows_used": 50000,
    "stats": {
        "employee_id": {
            "type": "numeric",
            "count": 60,
            "missing": 0,
            "mean": 30.5,
            "std": 17.46424919657298,
            "min": 1,
            "q1": 15.75,
            "median": 30.5,
            "q3": 45.25,
            "max": 60
        },
        "work_mode": {
            "type": "categorical",
            "count": 60,
            "missing": 0,
            "unique": 2,
            "top": {
                "in_office": 37,
                "remote": 23
            }
        },
        "productivity_score": {
            "type": "numeric",
            "count": 60,
            "missing": 0,
            "mean": 77.45916666666668,
            "std": 5.472904069577893,
            "min": 66.94,
            "q1": 73.5125,
            "median": 77.72,
            "q3": 80.44999999999999,
            "max": 97.26
        },
        "program_participation": {
            "type": "categorical",
            "count": 60,
            "missing": 0,
            "unique": 2,
            "top": {
                "yes": 31,
                "no": 29
            }
        },
        "stress_score": {
            "type": "numeric",
            "count": 60,
            "missing": 0,
            "mean": 62.423166666666674,
            "std": 6.705087744889447,
            "min": 39.07,
            "q1": 58.9475,
            "median": 61.51,
            "q3": 67.22,
            "max": 78.06
        }
    }
}